<?xml version="1.0"?>
<opencv_storage>
<cascade>
  <stageType>BOOST</stageType>
  <featureType>HAAR</featureType>
  <height>24</height>
  <width>24</width>
  <stageParams>
    <boostType>GAB</boostType>
    <minHitRate>9.9500000476837158e-01</minHitRate>
    <maxFalseAlarm>5.0000000000000000e-01</maxFalseAlarm>
    <weightTrimRate>9.4999998807907104e-01</weightTrimRate>
    <maxDepth>1</maxDepth>
    <maxWeakCount>100</maxWeakCount></stageParams>
  <featureParams>
    <maxCatCount>0</maxCatCount>
    <featSize>1</featSize>
    <mode>BASIC</mode></featureParams>
  <stageNum>13</stageNum>
  <stages>
    <!-- stage 0 -->
    <_>
      <maxWeakCount>3</maxWeakCount>
      <stageThreshold>-1.5983413457870483e+00</stageThreshold>
      <weakClassifiers>
        <_>
          <internalNodes>
            0 -1 7 6.0274433344602585e-02</internalNodes>
          <leafValues>
            -9.7507786750793457e-01 8.4112152457237244e-02</leafValues></_>
        <_>
          <internalNodes>
            0 -1 8 1.0528437793254852e-01</internalNodes>
          <leafValues>
            -9.6714031696319580e-01 3.3287802338600159e-01</leafValues></_>
        <_>
          <internalNodes>
            0 -1 19 -3.2221633940935135e-02</internalNodes>
          <leafValues>
            4.8814296722412109e-01 -9.5614153146743774e-01</leafValues></_></weakClassifiers></_>
    <!-- stage 1 -->
    <_>
      <maxWeakCount>3</maxWeakCount>
      <stageThreshold>-1.3882436752319336e+00</stageThreshold>
      <weakClassifiers>
        <_>
          <internalNodes>
            0 -1 28 1.8597986549139023e-02</internalNodes>
          <leafValues>
            -9.4129157066345215e-01 6.6666668653488159e-01</leafValues></_>
        <_>
          <internalNodes>
            0 -1 29 -1.2885225005447865e-02</internalNodes>
          <leafValues>
            4.4400036334991455e-01 -9.2539185285568237e-01</leafValues></_>
        <_>
          <internalNodes>
            0 -1 38 1.8360107205808163e-03</internalNodes>
          <leafValues>
            -8.9095252752304077e-01 5.9228807687759399e-01</leafValues></_></weakClassifiers></_>
    <!-- stage 2 -->
    <_>
      <maxWeakCount>3</maxWeakCount>
      <stageThreshold>-1.5467506647109985e+00</stageThreshold>
      <weakClassifiers>
        <_>
          <internalNodes>
            0 -1 14 -7.4148908257484436e-02</internalNodes>
          <leafValues>
            2.1621622145175934e-01 -9.4979918003082275e-01</leafValues></_>
        <_>
          <internalNodes>
            0 -1 36 1.6326576471328735e-02</internalNodes>
          <leafValues>
            -9.3513673543930054e-01 2.3549854755401611e-01</leafValues></_>
        <_>
          <internalNodes>
            0 -1 2 -3.8778133690357208e-02</internalNodes>
          <leafValues>
            4.2938485741615295e-01 -8.3244997262954712e-01</leafValues></_></weakClassifiers></_>
    <!-- stage 3 -->
    <_>
      <maxWeakCount>4</maxWeakCount>
      <stageThreshold>-1.9513220787048340e+00</stageThreshold>
      <weakClassifiers>
        <_>
          <internalNodes>
            0 -1 26 5.2706375718116760e-02</internalNodes>
          <leafValues>
            -9.3650794029235840e-01 2.2580644488334656e-01</leafValues></_>
        <_>
          <internalNodes>
            0 -1 11 -6.0333378612995148e-02</internalNodes>
          <leafValues>
            4.1968342661857605e-01 -8.2276141643524170e-01</leafValues></_>
        <_>
          <internalNodes>
            0 -1 50 3.4187920391559601e-03</internalNodes>
          <leafValues>
            -6.0503315925598145e-01 6.9334667921066284e-01</leafValues></_>
        <_>
          <internalNodes>
            0 -1 15 1.1142950505018234e-01</internalNodes>
          <leafValues>
            -8.2946449518203735e-01 5.2163934707641602e-01</leafValues></_></weakClassifiers></_>
    <!-- stage 4 -->
    <_>
      <maxWeakCount>4</maxWeakCount>
      <stageThreshold>-1.9158006906509399e+00</stageThreshold>
      <weakClassifiers>
        <_>
          <internalNodes>
            0 -1 12 -1.0463143140077591e-01</internalNodes>
          <leafValues>
            -1.8181818723678589e-01 -9.4791668653488159e-01</leafValues></_>
        <_>
          <internalNodes>
            0 -1 34 -5.8576870709657669e-02</internalNodes>
          <leafValues>
            2.3728366196155548e-01 -8.4587955474853516e-01</leafValues></_>
        <_>
          <internalNodes>
            0 -1 24 -2.0344067364931107e-02</internalNodes>
          <leafValues>
            5.6088137626647949e-01 -6.6995829343795776e-01</leafValues></_>
        <_>
          <internalNodes>
            0 -1 30 -6.6252853721380234e-03</internalNodes>
          <leafValues>
            6.2388837337493896e-01 -5.3520941734313965e-01</leafValues></_></weakClassifiers></_>
    <!-- stage 5 -->
    <_>
      <maxWeakCount>5</maxWeakCount>
      <stageThreshold>-1.7049673795700073e+00</stageThreshold>
      <weakClassifiers>
        <_>
          <internalNodes>
            0 -1 23 -2.0077746361494064e-02</internalNodes>
          <leafValues>
            6.8000000715255737e-01 -9.0622007846832275e-01</leafValues></_>
        <_>
          <internalNodes>
            0 -1 49 -2.9351197183132172e-02</internalNodes>
          <leafValues>
            3.7914222478866577e-01 -7.6957464218139648e-01</leafValues></_>
        <_>
          <internalNodes>
            0 -1 37 7.7318996191024780e-03</internalNodes>
          <leafValues>
            -8.0692619085311890e-01 3.7530174851417542e-01</leafValues></_>
        <_>
          <internalNodes>
            0 -1 1 -8.1130549311637878e-02</internalNodes>
          <leafValues>
            3.7946459650993347e-01 -8.1469959020614624e-01</leafValues></_>
        <_>
          <internalNodes>
            0 -1 10 1.4101974666118622e-01</internalNodes>
          <leafValues>
            -7.5042796134948730e-01 5.0174486637115479e-01</leafValues></_></weakClassifiers></_>
    <!-- stage 6 -->
    <_>
      <maxWeakCount>5</maxWeakCount>
      <stageThreshold>-1.6930508613586426e+00</stageThreshold>
      <weakClassifiers>
        <_>
          <internalNodes>
            0 -1 20 -2.7590040117502213e-02</internalNodes>
          <leafValues>
            4.8148149251937866e-01 -9.0412271022796631e-01</leafValues></_>
        <_>
          <internalNodes>
            0 -1 26 6.0448959469795227e-02</internalNodes>
          <leafValues>
            -6.8005365133285522e-01 6.0856676101684570e-01</leafValues></_>
        <_>
          <internalNodes>
            0 -1 22 3.1840694136917591e-03</internalNodes>
          <leafValues>
            -8.9373540878295898e-01 2.9049259424209595e-01</leafValues></_>
        <_>
          <internalNodes>
            0 -1 31 6.8041877821087837e-03</internalNodes>
          <leafValues>
            -8.8262093067169189e-01 3.0363580584526062e-01</leafValues></_>
        <_>
          <internalNodes>
            0 -1 25 -8.5742183029651642e-02</internalNodes>
          <leafValues>
            4.8325383663177490e-01 -6.0758298635482788e-01</leafValues></_></weakClassifiers></_>
    <!-- stage 7 -->
    <_>
      <maxWeakCount>3</maxWeakCount>
      <stageThreshold>-1.4802641868591309e+00</stageThreshold>
      <weakClassifiers>
        <_>
          <internalNodes>
            0 -1 51 6.1266589909791946e-03</internalNodes>
          <leafValues>
            -9.1279071569442749e-01 3.1578946113586426e-01</leafValues></_>
        <_>
          <internalNodes>
            0 -1 16 -6.6205613315105438e-02</internalNodes>
          <leafValues>
            3.5245272517204285e-01 -7.8490942716598511e-01</leafValues></_>
        <_>
          <internalNodes>
            0 -1 17 3.0396815855056047e-03</internalNodes>
          <leafValues>
            -8.5306990146636963e-01 2.1743598580360413e-01</leafValues></_></weakClassifiers></_>
    <!-- stage 8 -->
    <_>
      <maxWeakCount>5</maxWeakCount>
      <stageThreshold>-1.6740578413009644e+00</stageThreshold>
      <weakClassifiers>
        <_>
          <internalNodes>
            0 -1 47 1.6972966492176056e-02</internalNodes>
          <leafValues>
            -9.0585976839065552e-01 4.4827586412429810e-01</leafValues></_>
        <_>
          <internalNodes>
            0 -1 4 -6.2640853226184845e-02</internalNodes>
          <leafValues>
            4.4607210159301758e-01 -7.0759689807891846e-01</leafValues></_>
        <_>
          <internalNodes>
            0 -1 41 1.7051775939762592e-03</internalNodes>
          <leafValues>
            -6.7710739374160767e-01 3.5958838462829590e-01</leafValues></_>
        <_>
          <internalNodes>
            0 -1 27 3.7235063500702381e-03</internalNodes>
          <leafValues>
            -7.7429437637329102e-01 3.4968990087509155e-01</leafValues></_>
        <_>
          <internalNodes>
            0 -1 33 1.7669086810201406e-03</internalNodes>
          <leafValues>
            -7.6987946033477783e-01 3.8997232913970947e-01</leafValues></_></weakClassifiers></_>
    <!-- stage 9 -->
    <_>
      <maxWeakCount>3</maxWeakCount>
      <stageThreshold>-1.3623837232589722e+00</stageThreshold>
      <weakClassifiers>
        <_>
          <internalNodes>
            0 -1 3 4.5802772045135498e-02</internalNodes>
          <leafValues>
            -9.0095239877700806e-01 8.0000001192092896e-01</leafValues></_>
        <_>
          <internalNodes>
            0 -1 9 3.3963099122047424e-02</internalNodes>
          <leafValues>
            -7.7232426404953003e-01 3.4016558527946472e-01</leafValues></_>
        <_>
          <internalNodes>
            0 -1 35 4.0069925598800182e-03</internalNodes>
          <leafValues>
            3.1089290976524353e-01 -7.8654772043228149e-01</leafValues></_></weakClassifiers></_>
    <!-- stage 10 -->
    <_>
      <maxWeakCount>4</maxWeakCount>
      <stageThreshold>-1.6693819761276245e+00</stageThreshold>
      <weakClassifiers>
        <_>
          <internalNodes>
            0 -1 32 4.1977234184741974e-02</internalNodes>
          <leafValues>
            -9.3000000715255737e-01 9.9436829001071425e-18</leafValues></_>
        <_>
          <internalNodes>
            0 -1 48 1.1857580393552780e-02</internalNodes>
          <leafValues>
            -6.8019497394561768e-01 7.9759031534194946e-01</leafValues></_>
        <_>
          <internalNodes>
            0 -1 45 1.8767686560750008e-03</internalNodes>
          <leafValues>
            -4.3813407421112061e-01 7.6215302944183350e-01</leafValues></_>
        <_>
          <internalNodes>
            0 -1 39 8.8180159218609333e-04</internalNodes>
          <leafValues>
            -8.2133996486663818e-01 3.8338243961334229e-01</leafValues></_></weakClassifiers></_>
    <!-- stage 11 -->
    <_>
      <maxWeakCount>5</maxWeakCount>
      <stageThreshold>-1.5242218971252441e+00</stageThreshold>
      <weakClassifiers>
        <_>
          <internalNodes>
            0 -1 18 3.0581671744585037e-02</internalNodes>
          <leafValues>
            -9.1921180486679077e-01 5.4545454680919647e-02</leafValues></_>
        <_>
          <internalNodes>
            0 -1 44 1.1315488256514072e-02</internalNodes>
          <leafValues>
            -6.8513029813766479e-01 5.5120050907135010e-01</leafValues></_>
        <_>
          <internalNodes>
            0 -1 42 -4.7518961131572723e-02</internalNodes>
          <leafValues>
            3.0815634131431580e-01 -7.5568163394927979e-01</leafValues></_>
        <_>
          <internalNodes>
            0 -1 21 3.4921208862215281e-03</internalNodes>
          <leafValues>
            -8.7020164728164673e-01 2.7471068501472473e-01</leafValues></_>
        <_>
          <internalNodes>
            0 -1 43 5.6858463212847710e-03</internalNodes>
          <leafValues>
            -3.3159172534942627e-01 8.5823673009872437e-01</leafValues></_></weakClassifiers></_>
    <!-- stage 12 -->
    <_>
      <maxWeakCount>6</maxWeakCount>
      <stageThreshold>-2.0929486751556396e+00</stageThreshold>
      <weakClassifiers>
        <_>
          <internalNodes>
            0 -1 0 -1.9923418760299683e-02</internalNodes>
          <leafValues>
            1. -9.0114068984985352e-01</leafValues></_>
        <_>
          <internalNodes>
            0 -1 5 -2.4737926200032234e-02</internalNodes>
          <leafValues>
            8.9149576425552368e-01 -6.9886213541030884e-01</leafValues></_>
        <_>
          <internalNodes>
            0 -1 46 -1.4797586016356945e-02</internalNodes>
          <leafValues>
            4.1770544648170471e-01 -7.1812313795089722e-01</leafValues></_>
        <_>
          <internalNodes>
            0 -1 13 -3.3030810300260782e-03</internalNodes>
          <leafValues>
            -8.4244799613952637e-01 2.8499984741210938e-01</leafValues></_>
        <_>
          <internalNodes>
            0 -1 6 -1.6737420111894608e-02</internalNodes>
          <leafValues>
            4.6244999766349792e-01 -5.6035673618316650e-01</leafValues></_>
        <_>
          <internalNodes>
            0 -1 40 2.4747651070356369e-02</internalNodes>
          <leafValues>
            -5.2227264642715454e-01 6.0452818870544434e-01</leafValues></_></weakClassifiers></_></stages>
  <features>
    <_>
      <rects>
        <_>
          0 1 3 17 -1.</_>
        <_>
          1 1 1 17 3.</_></rects>
      <tilted>0</tilted></_>
    <_>
      <rects>
        <_>
          0 3 12 14 -1.</_>
        <_>
          4 3 4 14 3.</_></rects>
      <tilted>0</tilted></_>
    <_>
      <rects>
        <_>
          0 9 9 7 -1.</_>
        <_>
          3 9 3 7 3.</_></rects>
      <tilted>0</tilted></_>
    <_>
      <rects>
        <_>
          1 1 3 21 -1.</_>
        <_>
          2 1 1 21 3.</_></rects>
      <tilted>0</tilted></_>
    <_>
      <rects>
        <_>
          1 5 6 13 -1.</_>
        <_>
          3 5 2 13 3.</_></rects>
      <tilted>0</tilted></_>
    <_>
      <rects>
        <_>
          1 6 2 12 -1.</_>
        <_>
          2 6 1 12 2.</_></rects>
      <tilted>0</tilted></_>
    <_>
      <rects>
        <_>
          1 8 6 5 -1.</_>
        <_>
          3 8 2 5 3.</_></rects>
      <tilted>0</tilted></_>
    <_>
      <rects>
        <_>
          2 2 10 12 -1.</_>
        <_>
          2 2 5 6 2.</_>
        <_>
          7 8 5 6 2.</_></rects>
      <tilted>0</tilted></_>
    <_>
      <rects>
        <_>
          3 7 12 10 -1.</_>
        <_>
          9 7 6 10 2.</_></rects>
      <tilted>0</tilted></_>
    <_>
      <rects>
        <_>
          3 10 6 5 -1.</_>
        <_>
          6 10 3 5 2.</_></rects>
      <tilted>0</tilted></_>
    <_>
      <rects>
        <_>
          4 5 12 15 -1.</_>
        <_>
          4 10 12 5 3.</_></rects>
      <tilted>0</tilted></_>
    <_>
      <rects>
        <_>
          5 1 5 12 -1.</_>
        <_>
          5 5 5 4 3.</_></rects>
      <tilted>0</tilted></_>
    <_>
      <rects>
        <_>
          5 12 7 12 -1.</_>
        <_>
          5 16 7 4 3.</_></rects>
      <tilted>0</tilted></_>
    <_>
      <rects>
        <_>
          6 0 6 5 -1.</_>
        <_>
          8 0 2 5 3.</_></rects>
      <tilted>0</tilted></_>
    <_>
      <rects>
        <_>
          6 1 5 12 -1.</_>
        <_>
          6 5 5 4 3.</_></rects>
      <tilted>0</tilted></_>
    <_>
      <rects>
        <_>
          6 8 18 11 -1.</_>
        <_>
          12 8 6 11 3.</_></rects>
      <tilted>0</tilted></_>
    <_>
      <rects>
        <_>
          6 11 6 8 -1.</_>
        <_>
          6 15 6 4 2.</_></rects>
      <tilted>0</tilted></_>
    <_>
      <rects>
        <_>
          7 1 2 14 -1.</_>
        <_>
          7 1 1 7 2.</_>
        <_>
          8 8 1 7 2.</_></rects>
      <tilted>0</tilted></_>
    <_>
      <rects>
        <_>
          7 6 15 1 -1.</_>
        <_>
          12 6 5 1 3.</_></rects>
      <tilted>0</tilted></_>
    <_>
      <rects>
        <_>
          7 11 6 8 -1.</_>
        <_>
          7 15 6 4 2.</_></rects>
      <tilted>0</tilted></_>
    <_>
      <rects>
        <_>
          8 2 11 3 -1.</_>
        <_>
          8 3 11 1 3.</_></rects>
      <tilted>0</tilted></_>
    <_>
      <rects>
        <_>
          8 3 2 19 -1.</_>
        <_>
          9 3 1 19 2.</_></rects>
      <tilted>0</tilted></_>
    <_>
      <rects>
        <_>
          9 1 2 16 -1.</_>
        <_>
          10 1 1 16 2.</_></rects>
      <tilted>0</tilted></_>
    <_>
      <rects>
        <_>
          9 2 8 2 -1.</_>
        <_>
          9 3 8 1 2.</_></rects>
      <tilted>0</tilted></_>
    <_>
      <rects>
        <_>
          9 5 8 6 -1.</_>
        <_>
          9 5 4 3 2.</_>
        <_>
          13 8 4 3 2.</_></rects>
      <tilted>0</tilted></_>
    <_>
      <rects>
        <_>
          9 15 15 9 -1.</_>
        <_>
          9 18 15 3 3.</_></rects>
      <tilted>0</tilted></_>
    <_>
      <rects>
        <_>
          9 17 15 2 -1.</_>
        <_>
          14 17 5 2 3.</_></rects>
      <tilted>0</tilted></_>
    <_>
      <rects>
        <_>
          10 5 10 2 -1.</_>
        <_>
          10 6 10 1 2.</_></rects>
      <tilted>0</tilted></_>
    <_>
      <rects>
        <_>
          10 6 12 1 -1.</_>
        <_>
          14 6 4 1 3.</_></rects>
      <tilted>0</tilted></_>
    <_>
      <rects>
        <_>
          10 17 5 6 -1.</_>
        <_>
          10 19 5 2 3.</_></rects>
      <tilted>0</tilted></_>
    <_>
      <rects>
        <_>
          10 20 12 2 -1.</_>
        <_>
          10 20 6 1 2.</_>
        <_>
          16 21 6 1 2.</_></rects>
      <tilted>0</tilted></_>
    <_>
      <rects>
        <_>
          11 2 4 7 -1.</_>
        <_>
          13 2 2 7 2.</_></rects>
      <tilted>0</tilted></_>
    <_>
      <rects>
        <_>
          11 5 12 2 -1.</_>
        <_>
          15 5 4 2 3.</_></rects>
      <tilted>0</tilted></_>
    <_>
      <rects>
        <_>
          11 14 2 6 -1.</_>
        <_>
          12 14 1 6 2.</_></rects>
      <tilted>0</tilted></_>
    <_>
      <rects>
        <_>
          11 15 13 6 -1.</_>
        <_>
          11 18 13 3 2.</_></rects>
      <tilted>0</tilted></_>
    <_>
      <rects>
        <_>
          12 0 6 8 -1.</_>
        <_>
          14 0 2 8 3.</_></rects>
      <tilted>0</tilted></_>
    <_>
      <rects>
        <_>
          12 5 11 4 -1.</_>
        <_>
          12 7 11 2 2.</_></rects>
      <tilted>0</tilted></_>
    <_>
      <rects>
        <_>
          12 11 4 12 -1.</_>
        <_>
          14 11 2 12 2.</_></rects>
      <tilted>0</tilted></_>
    <_>
      <rects>
        <_>
          13 2 2 7 -1.</_>
        <_>
          14 2 1 7 2.</_></rects>
      <tilted>0</tilted></_>
    <_>
      <rects>
        <_>
          14 2 2 6 -1.</_>
        <_>
          15 2 1 6 2.</_></rects>
      <tilted>0</tilted></_>
    <_>
      <rects>
        <_>
          14 5 10 4 -1.</_>
        <_>
          14 7 10 2 2.</_></rects>
      <tilted>0</tilted></_>
    <_>
      <rects>
        <_>
          15 16 2 6 -1.</_>
        <_>
          16 16 1 6 2.</_></rects>
      <tilted>0</tilted></_>
    <_>
      <rects>
        <_>
          16 4 8 17 -1.</_>
        <_>
          20 4 4 17 2.</_></rects>
      <tilted>0</tilted></_>
    <_>
      <rects>
        <_>
          17 12 3 3 -1.</_>
        <_>
          18 12 1 3 3.</_></rects>
      <tilted>0</tilted></_>
    <_>
      <rects>
        <_>
          18 14 6 3 -1.</_>
        <_>
          18 15 6 1 3.</_></rects>
      <tilted>0</tilted></_>
    <_>
      <rects>
        <_>
          19 12 3 1 -1.</_>
        <_>
          20 12 1 1 3.</_></rects>
      <tilted>0</tilted></_>
    <_>
      <rects>
        <_>
          19 14 5 6 -1.</_>
        <_>
          19 17 5 3 2.</_></rects>
      <tilted>0</tilted></_>
    <_>
      <rects>
        <_>
          20 7 4 3 -1.</_>
        <_>
          20 8 4 1 3.</_></rects>
      <tilted>0</tilted></_>
    <_>
      <rects>
        <_>
          20 10 3 5 -1.</_>
        <_>
          21 10 1 5 3.</_></rects>
      <tilted>0</tilted></_>
    <_>
      <rects>
        <_>
          21 0 3 9 -1.</_>
        <_>
          21 3 3 3 3.</_></rects>
      <tilted>0</tilted></_>
    <_>
      <rects>
        <_>
          21 12 3 2 -1.</_>
        <_>
          22 12 1 2 3.</_></rects>
      <tilted>0</tilted></_>
    <_>
      <rects>
        <_>
          22 7 2 2 -1.</_>
        <_>
          22 8 2 1 2.</_></rects>
      <tilted>0</tilted></_></features></cascade>
</opencv_storage>
