<?xml version="1.0"?>
<opencv_storage>
<cascade>
  <stageType>BOOST</stageType>
  <featureType>HAAR</featureType>
  <height>24</height>
  <width>24</width>
  <stageParams>
    <boostType>GAB</boostType>
    <minHitRate>9.9500000476837158e-01</minHitRate>
    <maxFalseAlarm>5.0000000000000000e-01</maxFalseAlarm>
    <weightTrimRate>9.4999998807907104e-01</weightTrimRate>
    <maxDepth>1</maxDepth>
    <maxWeakCount>100</maxWeakCount></stageParams>
  <featureParams>
    <maxCatCount>0</maxCatCount>
    <featSize>1</featSize>
    <mode>BASIC</mode></featureParams>
  <stageNum>16</stageNum>
  <stages>
    <!-- stage 0 -->
    <_>
      <maxWeakCount>3</maxWeakCount>
      <stageThreshold>-1.5092509984970093e+00</stageThreshold>
      <weakClassifiers>
        <_>
          <internalNodes>
            0 -1 53 -1.0391962528228760e-01</internalNodes>
          <leafValues>
            5.2136754989624023e-01 -9.5573443174362183e-01</leafValues></_>
        <_>
          <internalNodes>
            0 -1 41 -1.0261131823062897e-01</internalNodes>
          <leafValues>
            4.4902968406677246e-01 -9.4822722673416138e-01</leafValues></_>
        <_>
          <internalNodes>
            0 -1 2 1.3740983605384827e-01</internalNodes>
          <leafValues>
            -9.0424013137817383e-01 3.9471063017845154e-01</leafValues></_></weakClassifiers></_>
    <!-- stage 1 -->
    <_>
      <maxWeakCount>3</maxWeakCount>
      <stageThreshold>-1.5272579193115234e+00</stageThreshold>
      <weakClassifiers>
        <_>
          <internalNodes>
            0 -1 6 -8.8561490178108215e-02</internalNodes>
          <leafValues>
            2.7731093764305115e-01 -9.2943549156188965e-01</leafValues></_>
        <_>
          <internalNodes>
            0 -1 61 1.3497036695480347e-01</internalNodes>
          <leafValues>
            -8.5462903976440430e-01 4.4905608892440796e-01</leafValues></_>
        <_>
          <internalNodes>
            0 -1 56 -3.0728425830602646e-02</internalNodes>
          <leafValues>
            2.9323804378509521e-01 -9.4993984699249268e-01</leafValues></_></weakClassifiers></_>
    <!-- stage 2 -->
    <_>
      <maxWeakCount>4</maxWeakCount>
      <stageThreshold>-1.8319963216781616e+00</stageThreshold>
      <weakClassifiers>
        <_>
          <internalNodes>
            0 -1 12 -1.1520072817802429e-01</internalNodes>
          <leafValues>
            1.8750000000000000e-01 -9.2878943681716919e-01</leafValues></_>
        <_>
          <internalNodes>
            0 -1 21 4.3174754828214645e-02</internalNodes>
          <leafValues>
            -8.5594564676284790e-01 3.4624043107032776e-01</leafValues></_>
        <_>
          <internalNodes>
            0 -1 74 -3.1419295817613602e-02</internalNodes>
          <leafValues>
            5.7514166831970215e-01 -6.5051138401031494e-01</leafValues></_>
        <_>
          <internalNodes>
            0 -1 46 -2.1266393363475800e-02</internalNodes>
          <leafValues>
            6.3469910621643066e-01 -5.9893590211868286e-01</leafValues></_></weakClassifiers></_>
    <!-- stage 3 -->
    <_>
      <maxWeakCount>5</maxWeakCount>
      <stageThreshold>-2.6047735214233398e+00</stageThreshold>
      <weakClassifiers>
        <_>
          <internalNodes>
            0 -1 33 4.8433900810778141e-03</internalNodes>
          <leafValues>
            -8.8565891981124878e-01 3.1645569205284119e-01</leafValues></_>
        <_>
          <internalNodes>
            0 -1 50 -1.2869913876056671e-01</internalNodes>
          <leafValues>
            3.8855168223381042e-01 -7.9186677932739258e-01</leafValues></_>
        <_>
          <internalNodes>
            0 -1 34 1.8333012703806162e-03</internalNodes>
          <leafValues>
            -7.7916598320007324e-01 4.0787693858146667e-01</leafValues></_>
        <_>
          <internalNodes>
            0 -1 57 -1.2083481997251511e-03</internalNodes>
          <leafValues>
            3.6208683252334595e-01 -8.5285723209381104e-01</leafValues></_>
        <_>
          <internalNodes>
            0 -1 13 -4.7917063347995281e-03</internalNodes>
          <leafValues>
            6.5378028154373169e-01 -5.1016867160797119e-01</leafValues></_></weakClassifiers></_>
    <!-- stage 4 -->
    <_>
      <maxWeakCount>3</maxWeakCount>
      <stageThreshold>-1.3598840236663818e+00</stageThreshold>
      <weakClassifiers>
        <_>
          <internalNodes>
            0 -1 73 -4.7406241297721863e-02</internalNodes>
          <leafValues>
            7.0866145193576813e-02 -9.1260164976119995e-01</leafValues></_>
        <_>
          <internalNodes>
            0 -1 1 1.9692223519086838e-02</internalNodes>
          <leafValues>
            -7.7163213491439819e-01 2.9144898056983948e-01</leafValues></_>
        <_>
          <internalNodes>
            0 -1 9 -2.9897154308855534e-03</internalNodes>
          <leafValues>
            5.2109444141387939e-01 -6.5911805629730225e-01</leafValues></_></weakClassifiers></_>
    <!-- stage 5 -->
    <_>
      <maxWeakCount>5</maxWeakCount>
      <stageThreshold>-1.7267028093338013e+00</stageThreshold>
      <weakClassifiers>
        <_>
          <internalNodes>
            0 -1 28 2.5991573929786682e-02</internalNodes>
          <leafValues>
            -8.5888993740081787e-01 5.0000000000000000e-01</leafValues></_>
        <_>
          <internalNodes>
            0 -1 63 -7.8640438616275787e-02</internalNodes>
          <leafValues>
            2.3620674014091492e-01 -7.7825409173965454e-01</leafValues></_>
        <_>
          <internalNodes>
            0 -1 67 -1.2550688115879893e-03</internalNodes>
          <leafValues>
            2.6790833473205566e-01 -7.9477357864379883e-01</leafValues></_>
        <_>
          <internalNodes>
            0 -1 40 1.1324808001518250e-01</internalNodes>
          <leafValues>
            -6.6576737165451050e-01 3.5962876677513123e-01</leafValues></_>
        <_>
          <internalNodes>
            0 -1 5 3.8714271038770676e-02</internalNodes>
          <leafValues>
            -7.1709591150283813e-01 3.8878023624420166e-01</leafValues></_></weakClassifiers></_>
    <!-- stage 6 -->
    <_>
      <maxWeakCount>5</maxWeakCount>
      <stageThreshold>-2.1018068790435791e+00</stageThreshold>
      <weakClassifiers>
        <_>
          <internalNodes>
            0 -1 82 4.8244833946228027e-02</internalNodes>
          <leafValues>
            -8.8362920284271240e-01 7.2164945304393768e-02</leafValues></_>
        <_>
          <internalNodes>
            0 -1 54 -7.8966334462165833e-02</internalNodes>
          <leafValues>
            8.3782382309436798e-02 -8.4574490785598755e-01</leafValues></_>
        <_>
          <internalNodes>
            0 -1 71 2.2238956298679113e-03</internalNodes>
          <leafValues>
            1.5302114188671112e-01 -9.6687299013137817e-01</leafValues></_>
        <_>
          <internalNodes>
            0 -1 7 5.5307485163211823e-03</internalNodes>
          <leafValues>
            -7.2541838884353638e-01 3.2257503271102905e-01</leafValues></_>
        <_>
          <internalNodes>
            0 -1 60 -8.3673093467950821e-03</internalNodes>
          <leafValues>
            -8.4802889823913574e-01 2.5149586796760559e-01</leafValues></_></weakClassifiers></_>
    <!-- stage 7 -->
    <_>
      <maxWeakCount>5</maxWeakCount>
      <stageThreshold>-1.4802259206771851e+00</stageThreshold>
      <weakClassifiers>
        <_>
          <internalNodes>
            0 -1 23 6.9365836679935455e-03</internalNodes>
          <leafValues>
            -8.5567009449005127e-01 5.4545456171035767e-01</leafValues></_>
        <_>
          <internalNodes>
            0 -1 24 -5.6877797469496727e-03</internalNodes>
          <leafValues>
            6.8176800012588501e-01 -6.0849052667617798e-01</leafValues></_>
        <_>
          <internalNodes>
            0 -1 20 -1.4352208003401756e-02</internalNodes>
          <leafValues>
            5.6651836633682251e-01 -5.6580162048339844e-01</leafValues></_>
        <_>
          <internalNodes>
            0 -1 77 -2.7544042095541954e-03</internalNodes>
          <leafValues>
            3.5767221450805664e-01 -8.6629098653793335e-01</leafValues></_>
        <_>
          <internalNodes>
            0 -1 10 7.3914919048547745e-03</internalNodes>
          <leafValues>
            -7.9981213808059692e-01 2.8370738029479980e-01</leafValues></_></weakClassifiers></_>
    <!-- stage 8 -->
    <_>
      <maxWeakCount>5</maxWeakCount>
      <stageThreshold>-1.7516252994537354e+00</stageThreshold>
      <weakClassifiers>
        <_>
          <internalNodes>
            0 -1 84 -2.3081470280885696e-02</internalNodes>
          <leafValues>
            3.3333334326744080e-01 -8.5471695661544800e-01</leafValues></_>
        <_>
          <internalNodes>
            0 -1 36 5.1033673807978630e-03</internalNodes>
          <leafValues>
            -6.2168794870376587e-01 4.9170711636543274e-01</leafValues></_>
        <_>
          <internalNodes>
            0 -1 52 -1.3514753431081772e-02</internalNodes>
          <leafValues>
            3.4364405274391174e-01 -7.9826641082763672e-01</leafValues></_>
        <_>
          <internalNodes>
            0 -1 48 1.6830105334520340e-02</internalNodes>
          <leafValues>
            -8.1503659486770630e-01 2.7027824521064758e-01</leafValues></_>
        <_>
          <internalNodes>
            0 -1 69 -7.6362589607015252e-04</internalNodes>
          <leafValues>
            -9.4736409187316895e-01 2.5276780128479004e-01</leafValues></_></weakClassifiers></_>
    <!-- stage 9 -->
    <_>
      <maxWeakCount>7</maxWeakCount>
      <stageThreshold>-1.7576715946197510e+00</stageThreshold>
      <weakClassifiers>
        <_>
          <internalNodes>
            0 -1 18 9.8051391541957855e-03</internalNodes>
          <leafValues>
            -8.6450380086898804e-01 2.6984128355979919e-01</leafValues></_>
        <_>
          <internalNodes>
            0 -1 29 1.7184588313102722e-01</internalNodes>
          <leafValues>
            -6.0771614313125610e-01 4.7611826658248901e-01</leafValues></_>
        <_>
          <internalNodes>
            0 -1 58 5.0623854622244835e-03</internalNodes>
          <leafValues>
            3.2630276679992676e-01 -7.5146156549453735e-01</leafValues></_>
        <_>
          <internalNodes>
            0 -1 14 -1.2881598435342312e-02</internalNodes>
          <leafValues>
            8.1955158710479736e-01 -3.1309393048286438e-01</leafValues></_>
        <_>
          <internalNodes>
            0 -1 64 -3.3497076947242022e-04</internalNodes>
          <leafValues>
            -7.3412722349166870e-01 3.3470040559768677e-01</leafValues></_>
        <_>
          <internalNodes>
            0 -1 26 4.9565047957003117e-03</internalNodes>
          <leafValues>
            -2.9743003845214844e-01 7.9489082098007202e-01</leafValues></_>
        <_>
          <internalNodes>
            0 -1 27 -5.3605046123266220e-03</internalNodes>
          <leafValues>
            7.8991663455963135e-01 -3.3593088388442993e-01</leafValues></_></weakClassifiers></_>
    <!-- stage 10 -->
    <_>
      <maxWeakCount>7</maxWeakCount>
      <stageThreshold>-1.7435232400894165e+00</stageThreshold>
      <weakClassifiers>
        <_>
          <internalNodes>
            0 -1 42 -1.8944967538118362e-02</internalNodes>
          <leafValues>
            1.4705882966518402e-01 -8.6193674802780151e-01</leafValues></_>
        <_>
          <internalNodes>
            0 -1 39 -9.8480470478534698e-03</internalNodes>
          <leafValues>
            3.6469590663909912e-01 -6.4194059371948242e-01</leafValues></_>
        <_>
          <internalNodes>
            0 -1 55 2.5092408759519458e-04</internalNodes>
          <leafValues>
            2.5837317109107971e-01 -7.4519014358520508e-01</leafValues></_>
        <_>
          <internalNodes>
            0 -1 80 -1.2472813948988914e-02</internalNodes>
          <leafValues>
            4.1166314482688904e-01 -5.4266285896301270e-01</leafValues></_>
        <_>
          <internalNodes>
            0 -1 25 4.9980599433183670e-02</internalNodes>
          <leafValues>
            -4.5588767528533936e-01 5.2017933130264282e-01</leafValues></_>
        <_>
          <internalNodes>
            0 -1 44 -3.8809590041637421e-02</internalNodes>
          <leafValues>
            3.1954678893089294e-01 -6.9912588596343994e-01</leafValues></_>
        <_>
          <internalNodes>
            0 -1 81 -3.3853703644126654e-04</internalNodes>
          <leafValues>
            -8.1428414583206177e-01 2.7282765507698059e-01</leafValues></_></weakClassifiers></_>
    <!-- stage 11 -->
    <_>
      <maxWeakCount>8</maxWeakCount>
      <stageThreshold>-2.0998270511627197e+00</stageThreshold>
      <weakClassifiers>
        <_>
          <internalNodes>
            0 -1 85 3.0023131519556046e-02</internalNodes>
          <leafValues>
            -8.3440661430358887e-01 7.5000000000000000e-01</leafValues></_>
        <_>
          <internalNodes>
            0 -1 62 9.1422542929649353e-02</internalNodes>
          <leafValues>
            -7.0946013927459717e-01 1.6509644687175751e-01</leafValues></_>
        <_>
          <internalNodes>
            0 -1 68 -1.9495080923661590e-03</internalNodes>
          <leafValues>
            2.8250417113304138e-01 -7.3045718669891357e-01</leafValues></_>
        <_>
          <internalNodes>
            0 -1 78 4.5339378993958235e-04</internalNodes>
          <leafValues>
            2.2604915499687195e-01 -7.5692385435104370e-01</leafValues></_>
        <_>
          <internalNodes>
            0 -1 47 -2.3393416777253151e-03</internalNodes>
          <leafValues>
            5.0917482376098633e-01 -4.6777027845382690e-01</leafValues></_>
        <_>
          <internalNodes>
            0 -1 72 -9.2805607710033655e-04</internalNodes>
          <leafValues>
            -7.1732318401336670e-01 3.0254769325256348e-01</leafValues></_>
        <_>
          <internalNodes>
            0 -1 4 -4.2891036719083786e-03</internalNodes>
          <leafValues>
            7.8182685375213623e-01 -3.1089621782302856e-01</leafValues></_>
        <_>
          <internalNodes>
            0 -1 30 -1.6978103667497635e-03</internalNodes>
          <leafValues>
            4.3059426546096802e-01 -5.7353031635284424e-01</leafValues></_></weakClassifiers></_>
    <!-- stage 12 -->
    <_>
      <maxWeakCount>7</maxWeakCount>
      <stageThreshold>-1.6928616762161255e+00</stageThreshold>
      <weakClassifiers>
        <_>
          <internalNodes>
            0 -1 8 1.3270277529954910e-02</internalNodes>
          <leafValues>
            -8.5512697696685791e-01 4.1666665673255920e-01</leafValues></_>
        <_>
          <internalNodes>
            0 -1 3 -6.0390792787075043e-03</internalNodes>
          <leafValues>
            4.9654778838157654e-01 -5.9764963388442993e-01</leafValues></_>
        <_>
          <internalNodes>
            0 -1 35 -1.0968553274869919e-01</internalNodes>
          <leafValues>
            3.4536337852478027e-01 -6.3731080293655396e-01</leafValues></_>
        <_>
          <internalNodes>
            0 -1 59 -7.7100090682506561e-02</internalNodes>
          <leafValues>
            5.6674832105636597e-01 -3.8474178314208984e-01</leafValues></_>
        <_>
          <internalNodes>
            0 -1 70 -2.2385274060070515e-03</internalNodes>
          <leafValues>
            3.5385173559188843e-01 -7.0404589176177979e-01</leafValues></_>
        <_>
          <internalNodes>
            0 -1 43 -4.7361242468468845e-04</internalNodes>
          <leafValues>
            -7.0151996612548828e-01 2.8013262152671814e-01</leafValues></_>
        <_>
          <internalNodes>
            0 -1 66 -2.4141217581927776e-03</internalNodes>
          <leafValues>
            -7.5573480129241943e-01 2.5439071655273438e-01</leafValues></_></weakClassifiers></_>
    <!-- stage 13 -->
    <_>
      <maxWeakCount>5</maxWeakCount>
      <stageThreshold>-1.3628616333007813e+00</stageThreshold>
      <weakClassifiers>
        <_>
          <internalNodes>
            0 -1 19 -8.5644340142607689e-03</internalNodes>
          <leafValues>
            8.2608693838119507e-01 -8.3455884456634521e-01</leafValues></_>
        <_>
          <internalNodes>
            0 -1 16 -5.2082580514252186e-03</internalNodes>
          <leafValues>
            6.4564436674118042e-01 -5.5366593599319458e-01</leafValues></_>
        <_>
          <internalNodes>
            0 -1 76 2.2085558623075485e-02</internalNodes>
          <leafValues>
            -4.8641854524612427e-01 4.6141344308853149e-01</leafValues></_>
        <_>
          <internalNodes>
            0 -1 51 -4.4918200001120567e-04</internalNodes>
          <leafValues>
            -9.4725137948989868e-01 2.2769729793071747e-01</leafValues></_>
        <_>
          <internalNodes>
            0 -1 79 2.0737157319672406e-04</internalNodes>
          <leafValues>
            2.9625535011291504e-01 -6.6374766826629639e-01</leafValues></_></weakClassifiers></_>
    <!-- stage 14 -->
    <_>
      <maxWeakCount>8</maxWeakCount>
      <stageThreshold>-1.9034714698791504e+00</stageThreshold>
      <weakClassifiers>
        <_>
          <internalNodes>
            0 -1 22 7.1586454287171364e-03</internalNodes>
          <leafValues>
            -8.5192126035690308e-01 4.5454546809196472e-01</leafValues></_>
        <_>
          <internalNodes>
            0 -1 32 2.7356038335710764e-03</internalNodes>
          <leafValues>
            -5.9875422716140747e-01 4.2484545707702637e-01</leafValues></_>
        <_>
          <internalNodes>
            0 -1 38 1.0666158981621265e-02</internalNodes>
          <leafValues>
            -7.1906733512878418e-01 3.0614304542541504e-01</leafValues></_>
        <_>
          <internalNodes>
            0 -1 49 -1.8520599231123924e-02</internalNodes>
          <leafValues>
            5.6026989221572876e-01 -4.0242850780487061e-01</leafValues></_>
        <_>
          <internalNodes>
            0 -1 15 1.5488315373659134e-02</internalNodes>
          <leafValues>
            2.5089693069458008e-01 -8.2072794437408447e-01</leafValues></_>
        <_>
          <internalNodes>
            0 -1 65 1.7320001497864723e-03</internalNodes>
          <leafValues>
            2.8061494231224060e-01 -7.7656877040863037e-01</leafValues></_>
        <_>
          <internalNodes>
            0 -1 37 2.9679290018975735e-03</internalNodes>
          <leafValues>
            -4.6437418460845947e-01 4.5603543519973755e-01</leafValues></_>
        <_>
          <internalNodes>
            0 -1 31 3.5989468451589346e-03</internalNodes>
          <leafValues>
            -2.8687405586242676e-01 8.2090479135513306e-01</leafValues></_></weakClassifiers></_>
    <!-- stage 15 -->
    <_>
      <maxWeakCount>6</maxWeakCount>
      <stageThreshold>-1.8104928731918335e+00</stageThreshold>
      <weakClassifiers>
        <_>
          <internalNodes>
            0 -1 17 -7.5877904891967773e-03</internalNodes>
          <leafValues>
            5.4545456171035767e-01 -8.5567009449005127e-01</leafValues></_>
        <_>
          <internalNodes>
            0 -1 11 -5.2794991061091423e-03</internalNodes>
          <leafValues>
            2.8894039988517761e-01 -6.8978399038314819e-01</leafValues></_>
        <_>
          <internalNodes>
            0 -1 45 5.6776002049446106e-02</internalNodes>
          <leafValues>
            -4.9231886863708496e-01 4.7856673598289490e-01</leafValues></_>
        <_>
          <internalNodes>
            0 -1 0 -1.4422254636883736e-02</internalNodes>
          <leafValues>
            5.2302545309066772e-01 -4.7081145644187927e-01</leafValues></_>
        <_>
          <internalNodes>
            0 -1 83 2.9518918017856777e-04</internalNodes>
          <leafValues>
            2.7999761700630188e-01 -8.5867172479629517e-01</leafValues></_>
        <_>
          <internalNodes>
            0 -1 75 -1.8970861565321684e-03</internalNodes>
          <leafValues>
            4.6315684914588928e-01 -5.5279165506362915e-01</leafValues></_></weakClassifiers></_></stages>
  <features>
    <_>
      <rects>
        <_>
          0 2 5 6 -1.</_>
        <_>
          0 4 5 2 3.</_></rects>
      <tilted>0</tilted></_>
    <_>
      <rects>
        <_>
          0 4 4 6 -1.</_>
        <_>
          0 7 4 3 2.</_></rects>
      <tilted>0</tilted></_>
    <_>
      <rects>
        <_>
          0 4 21 15 -1.</_>
        <_>
          7 4 7 15 3.</_></rects>
      <tilted>0</tilted></_>
    <_>
      <rects>
        <_>
          0 6 5 3 -1.</_>
        <_>
          0 7 5 1 3.</_></rects>
      <tilted>0</tilted></_>
    <_>
      <rects>
        <_>
          0 9 3 3 -1.</_>
        <_>
          1 9 1 3 3.</_></rects>
      <tilted>0</tilted></_>
    <_>
      <rects>
        <_>
          0 12 12 12 -1.</_>
        <_>
          6 12 6 12 2.</_></rects>
      <tilted>0</tilted></_>
    <_>
      <rects>
        <_>
          1 0 16 9 -1.</_>
        <_>
          1 3 16 3 3.</_></rects>
      <tilted>0</tilted></_>
    <_>
      <rects>
        <_>
          1 2 2 14 -1.</_>
        <_>
          1 9 2 7 2.</_></rects>
      <tilted>0</tilted></_>
    <_>
      <rects>
        <_>
          1 6 4 3 -1.</_>
        <_>
          1 7 4 1 3.</_></rects>
      <tilted>0</tilted></_>
    <_>
      <rects>
        <_>
          1 7 3 8 -1.</_>
        <_>
          2 7 1 8 3.</_></rects>
      <tilted>0</tilted></_>
    <_>
      <rects>
        <_>
          1 8 20 4 -1.</_>
        <_>
          1 8 10 2 2.</_>
        <_>
          11 10 10 2 2.</_></rects>
      <tilted>0</tilted></_>
    <_>
      <rects>
        <_>
          1 9 3 6 -1.</_>
        <_>
          2 9 1 6 3.</_></rects>
      <tilted>0</tilted></_>
    <_>
      <rects>
        <_>
          1 15 19 9 -1.</_>
        <_>
          1 18 19 3 3.</_></rects>
      <tilted>0</tilted></_>
    <_>
      <rects>
        <_>
          1 16 2 6 -1.</_>
        <_>
          1 18 2 2 3.</_></rects>
      <tilted>0</tilted></_>
    <_>
      <rects>
        <_>
          2 1 10 3 -1.</_>
        <_>
          2 2 10 1 3.</_></rects>
      <tilted>0</tilted></_>
    <_>
      <rects>
        <_>
          2 4 6 16 -1.</_>
        <_>
          2 4 3 8 2.</_>
        <_>
          5 12 3 8 2.</_></rects>
      <tilted>0</tilted></_>
    <_>
      <rects>
        <_>
          2 8 3 3 -1.</_>
        <_>
          3 8 1 3 3.</_></rects>
      <tilted>0</tilted></_>
    <_>
      <rects>
        <_>
          2 10 3 4 -1.</_>
        <_>
          3 10 1 4 3.</_></rects>
      <tilted>0</tilted></_>
    <_>
      <rects>
        <_>
          2 12 1 6 -1.</_>
        <_>
          2 14 1 2 3.</_></rects>
      <tilted>0</tilted></_>
    <_>
      <rects>
        <_>
          2 13 3 2 -1.</_>
        <_>
          3 13 1 2 3.</_></rects>
      <tilted>0</tilted></_>
    <_>
      <rects>
        <_>
          2 15 2 9 -1.</_>
        <_>
          2 18 2 3 3.</_></rects>
      <tilted>0</tilted></_>
    <_>
      <rects>
        <_>
          3 3 12 6 -1.</_>
        <_>
          3 6 12 3 2.</_></rects>
      <tilted>0</tilted></_>
    <_>
      <rects>
        <_>
          3 8 2 6 -1.</_>
        <_>
          3 8 1 3 2.</_>
        <_>
          4 11 1 3 2.</_></rects>
      <tilted>0</tilted></_>
    <_>
      <rects>
        <_>
          3 11 3 2 -1.</_>
        <_>
          4 11 1 2 3.</_></rects>
      <tilted>0</tilted></_>
    <_>
      <rects>
        <_>
          3 11 3 3 -1.</_>
        <_>
          4 11 1 3 3.</_></rects>
      <tilted>0</tilted></_>
    <_>
      <rects>
        <_>
          4 4 11 9 -1.</_>
        <_>
          4 7 11 3 3.</_></rects>
      <tilted>0</tilted></_>
    <_>
      <rects>
        <_>
          4 11 3 3 -1.</_>
        <_>
          5 11 1 3 3.</_></rects>
      <tilted>0</tilted></_>
    <_>
      <rects>
        <_>
          4 11 3 4 -1.</_>
        <_>
          5 11 1 4 3.</_></rects>
      <tilted>0</tilted></_>
    <_>
      <rects>
        <_>
          4 21 14 2 -1.</_>
        <_>
          4 22 14 1 2.</_></rects>
      <tilted>0</tilted></_>
    <_>
      <rects>
        <_>
          5 1 12 21 -1.</_>
        <_>
          9 1 4 21 3.</_></rects>
      <tilted>0</tilted></_>
    <_>
      <rects>
        <_>
          5 7 4 6 -1.</_>
        <_>
          5 9 4 2 3.</_></rects>
      <tilted>0</tilted></_>
    <_>
      <rects>
        <_>
          5 11 2 6 -1.</_>
        <_>
          5 11 1 3 2.</_>
        <_>
          6 14 1 3 2.</_></rects>
      <tilted>0</tilted></_>
    <_>
      <rects>
        <_>
          5 12 3 2 -1.</_>
        <_>
          6 12 1 2 3.</_></rects>
      <tilted>0</tilted></_>
    <_>
      <rects>
        <_>
          6 8 2 6 -1.</_>
        <_>
          6 8 1 3 2.</_>
        <_>
          7 11 1 3 2.</_></rects>
      <tilted>0</tilted></_>
    <_>
      <rects>
        <_>
          6 9 16 2 -1.</_>
        <_>
          6 9 8 1 2.</_>
        <_>
          14 10 8 1 2.</_></rects>
      <tilted>0</tilted></_>
    <_>
      <rects>
        <_>
          6 9 17 12 -1.</_>
        <_>
          6 15 17 6 2.</_></rects>
      <tilted>0</tilted></_>
    <_>
      <rects>
        <_>
          6 11 3 4 -1.</_>
        <_>
          7 11 1 4 3.</_></rects>
      <tilted>0</tilted></_>
    <_>
      <rects>
        <_>
          6 12 3 4 -1.</_>
        <_>
          7 12 1 4 3.</_></rects>
      <tilted>0</tilted></_>
    <_>
      <rects>
        <_>
          7 4 7 4 -1.</_>
        <_>
          7 6 7 2 2.</_></rects>
      <tilted>0</tilted></_>
    <_>
      <rects>
        <_>
          7 6 4 10 -1.</_>
        <_>
          7 6 2 5 2.</_>
        <_>
          9 11 2 5 2.</_></rects>
      <tilted>0</tilted></_>
    <_>
      <rects>
        <_>
          7 6 13 15 -1.</_>
        <_>
          7 11 13 5 3.</_></rects>
      <tilted>0</tilted></_>
    <_>
      <rects>
        <_>
          7 10 12 12 -1.</_>
        <_>
          7 16 12 6 2.</_></rects>
      <tilted>0</tilted></_>
    <_>
      <rects>
        <_>
          7 20 9 3 -1.</_>
        <_>
          7 21 9 1 3.</_></rects>
      <tilted>0</tilted></_>
    <_>
      <rects>
        <_>
          8 14 3 2 -1.</_>
        <_>
          8 15 3 1 2.</_></rects>
      <tilted>0</tilted></_>
    <_>
      <rects>
        <_>
          8 14 15 6 -1.</_>
        <_>
          8 17 15 3 2.</_></rects>
      <tilted>0</tilted></_>
    <_>
      <rects>
        <_>
          8 15 14 8 -1.</_>
        <_>
          8 15 7 4 2.</_>
        <_>
          15 19 7 4 2.</_></rects>
      <tilted>0</tilted></_>
    <_>
      <rects>
        <_>
          8 16 9 4 -1.</_>
        <_>
          8 18 9 2 2.</_></rects>
      <tilted>0</tilted></_>
    <_>
      <rects>
        <_>
          10 2 2 8 -1.</_>
        <_>
          11 2 1 8 2.</_></rects>
      <tilted>0</tilted></_>
    <_>
      <rects>
        <_>
          10 4 9 6 -1.</_>
        <_>
          10 7 9 3 2.</_></rects>
      <tilted>0</tilted></_>
    <_>
      <rects>
        <_>
          10 17 5 6 -1.</_>
        <_>
          10 19 5 2 3.</_></rects>
      <tilted>0</tilted></_>
    <_>
      <rects>
        <_>
          11 5 10 14 -1.</_>
        <_>
          16 5 5 14 2.</_></rects>
      <tilted>0</tilted></_>
    <_>
      <rects>
        <_>
          11 12 2 3 -1.</_>
        <_>
          11 13 2 1 3.</_></rects>
      <tilted>0</tilted></_>
    <_>
      <rects>
        <_>
          12 4 4 17 -1.</_>
        <_>
          14 4 2 17 2.</_></rects>
      <tilted>0</tilted></_>
    <_>
      <rects>
        <_>
          12 7 10 11 -1.</_>
        <_>
          17 7 5 11 2.</_></rects>
      <tilted>0</tilted></_>
    <_>
      <rects>
        <_>
          12 8 12 7 -1.</_>
        <_>
          18 8 6 7 2.</_></rects>
      <tilted>0</tilted></_>
    <_>
      <rects>
        <_>
          12 11 1 4 -1.</_>
        <_>
          12 13 1 2 2.</_></rects>
      <tilted>0</tilted></_>
    <_>
      <rects>
        <_>
          12 11 10 7 -1.</_>
        <_>
          17 11 5 7 2.</_></rects>
      <tilted>0</tilted></_>
    <_>
      <rects>
        <_>
          12 13 2 10 -1.</_>
        <_>
          13 13 1 10 2.</_></rects>
      <tilted>0</tilted></_>
    <_>
      <rects>
        <_>
          13 0 6 22 -1.</_>
        <_>
          15 0 2 22 3.</_></rects>
      <tilted>0</tilted></_>
    <_>
      <rects>
        <_>
          13 0 6 12 -1.</_>
        <_>
          13 4 6 4 3.</_></rects>
      <tilted>0</tilted></_>
    <_>
      <rects>
        <_>
          13 2 6 22 -1.</_>
        <_>
          15 2 2 22 3.</_></rects>
      <tilted>0</tilted></_>
    <_>
      <rects>
        <_>
          13 2 5 21 -1.</_>
        <_>
          13 9 5 7 3.</_></rects>
      <tilted>0</tilted></_>
    <_>
      <rects>
        <_>
          13 6 10 12 -1.</_>
        <_>
          13 10 10 4 3.</_></rects>
      <tilted>0</tilted></_>
    <_>
      <rects>
        <_>
          13 7 8 11 -1.</_>
        <_>
          17 7 4 11 2.</_></rects>
      <tilted>0</tilted></_>
    <_>
      <rects>
        <_>
          13 11 1 4 -1.</_>
        <_>
          13 13 1 2 2.</_></rects>
      <tilted>0</tilted></_>
    <_>
      <rects>
        <_>
          14 1 2 22 -1.</_>
        <_>
          14 1 1 11 2.</_>
        <_>
          15 12 1 11 2.</_></rects>
      <tilted>0</tilted></_>
    <_>
      <rects>
        <_>
          14 2 2 20 -1.</_>
        <_>
          14 2 1 10 2.</_>
        <_>
          15 12 1 10 2.</_></rects>
      <tilted>0</tilted></_>
    <_>
      <rects>
        <_>
          14 3 2 8 -1.</_>
        <_>
          15 3 1 8 2.</_></rects>
      <tilted>0</tilted></_>
    <_>
      <rects>
        <_>
          14 3 2 12 -1.</_>
        <_>
          15 3 1 12 2.</_></rects>
      <tilted>0</tilted></_>
    <_>
      <rects>
        <_>
          14 4 3 11 -1.</_>
        <_>
          15 4 1 11 3.</_></rects>
      <tilted>0</tilted></_>
    <_>
      <rects>
        <_>
          14 11 2 12 -1.</_>
        <_>
          15 11 1 12 2.</_></rects>
      <tilted>0</tilted></_>
    <_>
      <rects>
        <_>
          14 15 6 8 -1.</_>
        <_>
          16 15 2 8 3.</_></rects>
      <tilted>0</tilted></_>
    <_>
      <rects>
        <_>
          15 4 3 14 -1.</_>
        <_>
          16 4 1 14 3.</_></rects>
      <tilted>0</tilted></_>
    <_>
      <rects>
        <_>
          15 4 8 10 -1.</_>
        <_>
          15 4 4 5 2.</_>
        <_>
          19 9 4 5 2.</_></rects>
      <tilted>0</tilted></_>
    <_>
      <rects>
        <_>
          15 11 3 12 -1.</_>
        <_>
          15 15 3 4 3.</_></rects>
      <tilted>0</tilted></_>
    <_>
      <rects>
        <_>
          15 17 9 1 -1.</_>
        <_>
          18 17 3 1 3.</_></rects>
      <tilted>0</tilted></_>
    <_>
      <rects>
        <_>
          15 18 7 6 -1.</_>
        <_>
          15 21 7 3 2.</_></rects>
      <tilted>0</tilted></_>
    <_>
      <rects>
        <_>
          17 5 2 13 -1.</_>
        <_>
          18 5 1 13 2.</_></rects>
      <tilted>0</tilted></_>
    <_>
      <rects>
        <_>
          17 16 6 3 -1.</_>
        <_>
          17 17 6 1 3.</_></rects>
      <tilted>0</tilted></_>
    <_>
      <rects>
        <_>
          17 18 4 1 -1.</_>
        <_>
          19 18 2 1 2.</_></rects>
      <tilted>0</tilted></_>
    <_>
      <rects>
        <_>
          18 10 6 6 -1.</_>
        <_>
          20 10 2 6 3.</_></rects>
      <tilted>0</tilted></_>
    <_>
      <rects>
        <_>
          19 16 1 2 -1.</_>
        <_>
          19 17 1 1 2.</_></rects>
      <tilted>0</tilted></_>
    <_>
      <rects>
        <_>
          20 4 4 18 -1.</_>
        <_>
          22 4 2 18 2.</_></rects>
      <tilted>0</tilted></_>
    <_>
      <rects>
        <_>
          20 6 1 2 -1.</_>
        <_>
          20 7 1 1 2.</_></rects>
      <tilted>0</tilted></_>
    <_>
      <rects>
        <_>
          20 6 3 15 -1.</_>
        <_>
          21 6 1 15 3.</_></rects>
      <tilted>0</tilted></_>
    <_>
      <rects>
        <_>
          21 12 3 8 -1.</_>
        <_>
          22 12 1 8 3.</_></rects>
      <tilted>0</tilted></_></features></cascade>
</opencv_storage>
